hxxp://180.97.215.79:888/tangwe	506397db1ad88640cca5bdae5d135d5b7feef7ed19c5d705247559d04fd36979
hxxp://58.221.58.21:3625/xiao	71f044b76ea9f1377db0c3b9bc8d7a3dbd8b574dd9fe513209d81e461ea1b7a0
hxxp://58.221.58.21:3625/xiao	71f044b76ea9f1377db0c3b9bc8d7a3dbd8b574dd9fe513209d81e461ea1b7a0
hxxp://58.221.58.21:3625/xiao	71f044b76ea9f1377db0c3b9bc8d7a3dbd8b574dd9fe513209d81e461ea1b7a0
hxxp://58.221.58.21:3625/QQW	820ea656e85d17b695a91d9a7fc5b22487f569943d55cf5154e789f32c280001
hxxp://58.221.58.21:3625/QP	71f044b76ea9f1377db0c3b9bc8d7a3dbd8b574dd9fe513209d81e461ea1b7a0
hxxp://58.221.58.21:3625/XP	a0c63c4a4a12f2b4b414479a10c19336b36c14481d37e3e4bce0dcfc4fe0b2df
hxxp://58.221.58.21:3625/QP	71f044b76ea9f1377db0c3b9bc8d7a3dbd8b574dd9fe513209d81e461ea1b7a0
hxxp://14.148.164.90:9562/u52	524d4ae727f8e8b35773479d553dca9acb1387174d159423cc7145902f52d2f4
hxxp://14.148.164.90:9562/s52	5e3baea131d709921d715d6c2f27f401822ceffc0b8e002b408b7e5b29514264
hxxp://14.148.164.90:9562/s52	5e3baea131d709921d715d6c2f27f401822ceffc0b8e002b408b7e5b29514264
hxxp://14.148.164.90:9562/u52	524d4ae727f8e8b35773479d553dca9acb1387174d159423cc7145902f52d2f4
hxxp://14.148.164.90:9562/ss	8908a91f38192a043d5084e411bd7b1d5b7c51236d749283ca240ca018e04446
hxxp://117.41.184.153:8081/ss	8908a91f38192a043d5084e411bd7b1d5b7c51236d749283ca240ca018e04446
hxxp://117.41.184.153:8081/ss	8908a91f38192a043d5084e411bd7b1d5b7c51236d749283ca240ca018e04446
hxxp://arhiva.pe.hu/autopsy.tgz	81cd80d818de724831f5c0457485eaae2e5c3fb486267263243bf60b12e7bb79
hxxp://arhiva.pe.hu/autopsy.tgz	81cd80d818de724831f5c0457485eaae2e5c3fb486267263243bf60b12e7bb79
hxxp://arhiva.pe.hu/ola.txt	9aaf7f2863ceef4f261139b10acff513a328d5491ab149edc708f28e8d67090c
hxxp://arhiva.pe.hu/ola.txt	9aaf7f2863ceef4f261139b10acff513a328d5491ab149edc708f28e8d67090c
hxxp://ovidius.ucoz.com/bnc.jpg	9b01b5048e954c488139e901689349c866ef2e86eb4d8342031bd02fcdd48b07
hxxp://bossu.host.sk/real.txt	6bed17eb1e9f33dae914c9fbf4ebe58f6ac2a44e61b8848746fb1f227caef625
hxxp://bossu.host.sk/real.txt	6bed17eb1e9f33dae914c9fbf4ebe58f6ac2a44e61b8848746fb1f227caef625
hxxp://bossu.host.sk/sper.zip	3f0bcc96bd97efcf464e29d997a49c7ae49e0686ac8dc42aade62abc85190746
hxxp://bossu.host.sk/real.txt	6bed17eb1e9f33dae914c9fbf4ebe58f6ac2a44e61b8848746fb1f227caef625
hxxp://208.67.1.15/pl.php	b7495b2b17bf2f5ad385b41127afb0a4841706b26a72cfbfdd35ffea35b9308d
hxxp://208.67.1.15/bot.pl	93d787c00b4f96eb1aedacefdcd21024d99fca630bcfca4051d097de6517d20f
hxxp://208.67.1.15/bot.pl	93d787c00b4f96eb1aedacefdcd21024d99fca630bcfca4051d097de6517d20f
hxxp://208.67.1.7/hac.sh	2b2c24b3a0d867ba6d544d0c5da96dce520a45f797e3d5f7897e640d70fc3fba
hxxp://198.167.143.111/route.sh	152d8e5c0175c995a30401f41d7a49518f55ba9ff14549bb0c9f6ce632bfc572
hxxp://198.167.143.111/route.sh	152d8e5c0175c995a30401f41d7a49518f55ba9ff14549bb0c9f6ce632bfc572
hxxp://198.167.143.111/route.sh	152d8e5c0175c995a30401f41d7a49518f55ba9ff14549bb0c9f6ce632bfc572
hxxp://198.167.143.111/route.sh	152d8e5c0175c995a30401f41d7a49518f55ba9ff14549bb0c9f6ce632bfc572
hxxp://198.167.143.111/route.sh	152d8e5c0175c995a30401f41d7a49518f55ba9ff14549bb0c9f6ce632bfc572
hxxp://198.167.143.111/route.sh	152d8e5c0175c995a30401f41d7a49518f55ba9ff14549bb0c9f6ce632bfc572
hxxp://neptun.ucoz.org/ProTeX/sniff.tgz	afa644e5d359bfee366faa6275878c043cc40e2d537c0f91a217569389c26392
hxxp://neptun.ucoz.org/ProTeX/a.txt	eeccd82b702554b931e7afccd8d740b681cfa174e82ccf679ae171c9ce049678
hxxp://martyn.net63.net/alex	6c048249fe785d34ec4090b1c4bb0ca9e02997790de897f4135cc5b3472251b0
hxxp://kqs.xp3.biz/miserupe.zip	cfb204c9d5c5217b3d6f2c06cd7fb14945fc6df455b7e3555316dc426d49a726
hxxp://222.186.52.66:52078/huizhen	4527cc38893ece7ad4fe3acd196cfe60746048d713718cacde079bb88f5fe039
hxxp://94.102.53.144/perlboat.pl	dfca4960a8533e92b62f208a9f43016c58f76bf79f5c3cb0c43dd299ef0b5214
hxxp://adsad.osetec.net/gb.sh	492fe9afe1b2e338c656166683f9d07b7c08f9098176c841d104ae304c61103c
hxxp://adsad.osetec.net/gb1.sh	5f17917eb588a2d092592d619090b8dc85cede0ee9efd3411f736b61df318509
hxxp://adsad.osetec.net/gb1.sh	5f17917eb588a2d092592d619090b8dc85cede0ee9efd3411f736b61df318509
hxxp://cross-panel.tk/scan/y.txt	a8b156206d30c39288ae0a3e297cad1ea72409405b5570774b58dd43bc1b7e83
hxxp://prg.do.am/scan/python.tgz	269ee2cef078a9022fc1499c3284e892457be5795a63a338b53f94e6e019160f
hxxp://173.254.230.67:9999/wslx	7e31214b7102442257bd5195648e5f0da4cbf48dc82eb0adb4ca171af4eb6b13
hxxp://173.254.230.67:9999/wslx	7e31214b7102442257bd5195648e5f0da4cbf48dc82eb0adb4ca171af4eb6b13
hxxp://112.74.66.152:280/.TSm	8a0e02de0ff09a0ab771d5680334e482aa2cc9e796200d8179f45ec59dad7380
hxxp://89.248.172.166/.bash.sh	f6151f71570812ab7c3b676532dcdbce00c8574b81526423eb2e966999681ecc
hxxp://angelfire.com/komales88/muh.tgz	c1c2debe9be6daa2f91bfd96bdc4403d294c1d203f357997dc5417440fdf2fa9
hxxp://mclucian.ucoz.ro/psy.tgz	367325cc13cce2714ee6168a2e77851e75988b0375891de02b8875004e839113
hxxp://mclucian.ucoz.ro/psy.tgz	367325cc13cce2714ee6168a2e77851e75988b0375891de02b8875004e839113
hxxp://121.40.51.232:11223/syn20160	dd677a161a9afb8cfb9dc595ce0e083f0b900651285e665881c6d26962379ebb
hxxp://69.30.223.162/bash.sh	e6a87be83ed04e207e8164cfde918357064e2378fde04443fe5a746e99a3f98b
hxxp://69.30.223.162/bash.sh	e6a87be83ed04e207e8164cfde918357064e2378fde04443fe5a746e99a3f98b
hxxp://69.30.223.162/bash.sh	e6a87be83ed04e207e8164cfde918357064e2378fde04443fe5a746e99a3f98b
hxxp://69.30.223.162/bash.sh	e6a87be83ed04e207e8164cfde918357064e2378fde04443fe5a746e99a3f98b
hxxp://69.30.223.162/bash.sh	e6a87be83ed04e207e8164cfde918357064e2378fde04443fe5a746e99a3f98b
hxxp://69.30.223.162/bash.sh	e6a87be83ed04e207e8164cfde918357064e2378fde04443fe5a746e99a3f98b
hxxp://69.30.223.162/bash.sh	e6a87be83ed04e207e8164cfde918357064e2378fde04443fe5a746e99a3f98b
hxxp://69.30.223.162/bash.sh	e6a87be83ed04e207e8164cfde918357064e2378fde04443fe5a746e99a3f98b
hxxp://69.30.223.162/bash.sh	e6a87be83ed04e207e8164cfde918357064e2378fde04443fe5a746e99a3f98b
hxxp://69.30.223.162/bash.sh	e6a87be83ed04e207e8164cfde918357064e2378fde04443fe5a746e99a3f98b
hxxp://69.30.223.162/bash.sh	e6a87be83ed04e207e8164cfde918357064e2378fde04443fe5a746e99a3f98b
hxxp://69.30.223.162/bash.sh	e6a87be83ed04e207e8164cfde918357064e2378fde04443fe5a746e99a3f98b
hxxp://69.30.223.162/bash.sh	e6a87be83ed04e207e8164cfde918357064e2378fde04443fe5a746e99a3f98b
hxxp://69.30.223.162/bash.sh	e6a87be83ed04e207e8164cfde918357064e2378fde04443fe5a746e99a3f98b
hxxp://45.34.1.163:801/Client64	e39a90be52e0a545181915a910c1ebba9f67e7dcc380e5553969626d56279e01
hxxp://45.34.1.163:801/yumos	71bc3ca136da41a3b8755036bc94952b37e466e9d82c32cbb87eabea37a021b8
hxxp://45.34.1.163:801/Client64	e39a90be52e0a545181915a910c1ebba9f67e7dcc380e5553969626d56279e01
hxxp://45.34.1.163:801/yumos	71bc3ca136da41a3b8755036bc94952b37e466e9d82c32cbb87eabea37a021b8
hxxp://121.40.51.232:11223/Qjs	e9672e0b6024849a490ccf940403a91948d44e504bdc15292222e9566cb1ed0f
hxxp://45.35.20.232:8080/.Mm2	911bd0d2b093e8a0d135ae960e39384986b782916155fe7542ba1430bb8d7c9e
hxxp://121.40.175.22:55281/gfty	c07201e3ef41b057abb1e5aca6747fe28b39a25ef78aa2aa29ef93cc9d643646
hxxp://121.40.175.22:55281/gfty	c07201e3ef41b057abb1e5aca6747fe28b39a25ef78aa2aa29ef93cc9d643646
hxxp://121.40.175.22:55281/gg	207e3469c6f536fa3e712ba7a6e6bd5e53f12e88920482cd92a87670af1317f8
hxxp://121.40.175.22:55281/gfty	c07201e3ef41b057abb1e5aca6747fe28b39a25ef78aa2aa29ef93cc9d643646
hxxp://121.40.175.22:55281/gg	207e3469c6f536fa3e712ba7a6e6bd5e53f12e88920482cd92a87670af1317f8
hxxp://122.193.202.139:11590/hxxp	4043e833ef853e026ce22b4869adea464b62fe5e58c4d2cb1a80ca6532360af6
hxxp://222.186.31.248:52/last	ee796d8495e1ac98579ed74809507377c6b75ae23ab0b361eb83515304161d80
hxxp://183.60.204.250:8888/lwu	56fe58aa87888ff704b8bf9ff6dd0d1885bfbc50e1180e51adf53f0f2c00fc8a
